<?xml version="1.0" encoding="UTF-8"?>
<metadata xmlns="http://www.demandware.com/xml/impex/metadata/2006-10-31">
    <type-extension type-id="Profile">
        <custom-attribute-definitions>
            <attribute-definition attribute-id="saferpayPaymentAlias">
                <type>set-of-string</type>
                <mandatory-flag>false</mandatory-flag>
                <externally-managed-flag>false</externally-managed-flag>
            </attribute-definition>
        </custom-attribute-definitions>
        <group-definitions>
            <attribute-group group-id="Saferpay">
                <display-name xml:lang="x-default">Saferpay</display-name>
                <attribute attribute-id="saferpayPaymentAlias"/>
            </attribute-group>
        </group-definitions>
    </type-extension>

    <type-extension type-id="PaymentMethod">
        <custom-attribute-definitions>
            <attribute-definition attribute-id="saferpayPreAuth">
                <type>boolean</type>
                <mandatory-flag>false</mandatory-flag>
                <externally-managed-flag>false</externally-managed-flag>
                <default-value>false</default-value>
            </attribute-definition>
        </custom-attribute-definitions>
        <group-definitions>
            <attribute-group group-id="Saferpay">
                <display-name xml:lang="x-default">Saferpay</display-name>
                <attribute attribute-id="saferpayPreAuth" />
            </attribute-group>
        </group-definitions>
    </type-extension>

    <type-extension type-id="PaymentTransaction">
        <custom-attribute-definitions>
            <attribute-definition attribute-id="saferpayCaptureId">
                <type>string</type>
                <mandatory-flag>false</mandatory-flag>
                <externally-managed-flag>true</externally-managed-flag>
                <min-length>0</min-length>
            </attribute-definition>
            <attribute-definition attribute-id="saferpayPaymentToken">
                <display-name xml:lang="x-default">Temporary token</display-name>
                <type>string</type>
                <mandatory-flag>false</mandatory-flag>
                <externally-managed-flag>true</externally-managed-flag>
                <min-length>0</min-length>
            </attribute-definition>
            <attribute-definition attribute-id="saferpayTransactionId">
                <type>string</type>
                <mandatory-flag>false</mandatory-flag>
                <externally-managed-flag>true</externally-managed-flag>
                <min-length>0</min-length>
            </attribute-definition>
            <attribute-definition attribute-id="saferpayTransactionStatus">
                <type>string</type>
                <mandatory-flag>false</mandatory-flag>
                <externally-managed-flag>true</externally-managed-flag>
                <min-length>0</min-length>
            </attribute-definition>
            <attribute-definition attribute-id="saferpayConfirmationType">
                <type>string</type>
                <mandatory-flag>false</mandatory-flag>
                <externally-managed-flag>true</externally-managed-flag>
                <min-length>0</min-length>
            </attribute-definition>
            <attribute-definition attribute-id="saferpayLiabilityShift">
                <type>string</type>
                <mandatory-flag>false</mandatory-flag>
                <externally-managed-flag>true</externally-managed-flag>
                <min-length>0</min-length>
            </attribute-definition>
            <attribute-definition attribute-id="saferpayLiabilityAuthenticated">
                <type>string</type>
                <mandatory-flag>false</mandatory-flag>
                <externally-managed-flag>true</externally-managed-flag>
                <min-length>0</min-length>
            </attribute-definition>
        </custom-attribute-definitions>
        <group-definitions>
            <attribute-group group-id="Saferpay">
                <display-name xml:lang="x-default">Saferpay</display-name>
                <attribute attribute-id="saferpayTransactionId"/>
                <attribute attribute-id="saferpayTransactionStatus" />
                <attribute attribute-id="saferpayCaptureId"/>
                <attribute attribute-id="saferpayPaymentToken"/>
                <attribute attribute-id="saferpayConfirmationType" />
                <attribute attribute-id="saferpayLiabilityShift" />
                <attribute attribute-id="saferpayLiabilityAuthenticated" />
            </attribute-group>
        </group-definitions>
    </type-extension>

    <type-extension type-id="SitePreferences">
        <custom-attribute-definitions>
            <attribute-definition attribute-id="saferpayIsBusinessLicenseEnabled">
                <type>boolean</type>
                <mandatory-flag>false</mandatory-flag>
                <externally-managed-flag>false</externally-managed-flag>
                <default-value>false</default-value>
            </attribute-definition>
            <attribute-definition attribute-id="saferpayDescriptionPrefixPaymentPage">
                <display-name xml:lang="x-default">Saferpay Description Prefix Payment Page</display-name>
                <type>string</type>
                <mandatory-flag>false</mandatory-flag>
                <externally-managed-flag>false</externally-managed-flag>
                <min-length>0</min-length>
            </attribute-definition>
            <attribute-definition attribute-id="saferpayIsAutoCaptureEnabled">
                <type>boolean</type>
                <mandatory-flag>false</mandatory-flag>
                <externally-managed-flag>false</externally-managed-flag>
                <default-value>true</default-value>
            </attribute-definition>
            <attribute-definition attribute-id="saferpayIsSecureCardDataEnabled">
                <type>boolean</type>
                <mandatory-flag>false</mandatory-flag>
                <externally-managed-flag>false</externally-managed-flag>
                <default-value>false</default-value>
            </attribute-definition>
            <attribute-definition attribute-id="saferpayAllowedPaymentMethods">
                <type>set-of-string</type>
                <mandatory-flag>false</mandatory-flag>
                <externally-managed-flag>false</externally-managed-flag>
            </attribute-definition>
            <attribute-definition attribute-id="saferpayAllowedWallets">
                <display-name xml:lang="x-default">saferpayAllowedWallets</display-name>
                <type>set-of-string</type>
                <mandatory-flag>false</mandatory-flag>
                <externally-managed-flag>false</externally-managed-flag>
            </attribute-definition>
            <attribute-definition attribute-id="saferpayApiSpecVersion">
                <type>string</type>
                <mandatory-flag>false</mandatory-flag>
                <externally-managed-flag>false</externally-managed-flag>
                <min-length>0</min-length>
            </attribute-definition>
            <attribute-definition attribute-id="saferpayConfigSet">
                <display-name xml:lang="x-default">Saferpay Payment Page Config Set</display-name>
                <type>string</type>
                <mandatory-flag>false</mandatory-flag>
                <externally-managed-flag>false</externally-managed-flag>
                <min-length>0</min-length>
            </attribute-definition>
            <attribute-definition attribute-id="saferpayCssUrl">
                <display-name xml:lang="x-default">Saferpay Payment Page CSS Url</display-name>
                <type>string</type>
                <mandatory-flag>false</mandatory-flag>
                <externally-managed-flag>false</externally-managed-flag>
                <min-length>0</min-length>
            </attribute-definition>
            <attribute-definition attribute-id="saferpayCustomerId">
                <type>string</type>
                <mandatory-flag>false</mandatory-flag>
                <externally-managed-flag>false</externally-managed-flag>
                <min-length>0</min-length>
            </attribute-definition>
            <attribute-definition attribute-id="saferpayLogCategory">
                <type>string</type>
                <mandatory-flag>false</mandatory-flag>
                <externally-managed-flag>false</externally-managed-flag>
                <min-length>0</min-length>
                <default-value>saferpay</default-value>
            </attribute-definition>
            <attribute-definition attribute-id="saferpayScdCssUrl">
                <display-name xml:lang="x-default">Saferpay Insert Alias CSS Url</display-name>
                <type>string</type>
                <mandatory-flag>false</mandatory-flag>
                <externally-managed-flag>false</externally-managed-flag>
                <min-length>0</min-length>
            </attribute-definition>
            <attribute-definition attribute-id="saferpaySecurityLevel">
                <display-name xml:lang="x-default">Saferpay Payment Security Level</display-name>
                <description xml:lang="x-default">ThreeDs Security Check (default level: 3)&#13;
0: liabilityShift=false, authenticated=false&#13;
1: liabilityShift=false, authenticated=true&#13;
2: liabilityShift=true, authenticated=false&#13;
3: liabilityShift=true, authenticated=true</description>
                <type>double</type>
                <mandatory-flag>false</mandatory-flag>
                <externally-managed-flag>false</externally-managed-flag>
                <min-value>0.0</min-value>
                <max-value>3.0</max-value>
                <default-value>3.0</default-value>
            </attribute-definition>
            <attribute-definition attribute-id="saferpayTerminalId">
                <type>string</type>
                <mandatory-flag>false</mandatory-flag>
                <externally-managed-flag>false</externally-managed-flag>
                <min-length>0</min-length>
            </attribute-definition>
        </custom-attribute-definitions>
        <group-definitions>
            <attribute-group group-id="Saferpay">
                <display-name xml:lang="x-default">Saferpay</display-name>
                <attribute attribute-id="saferpayApiSpecVersion" />
                <attribute attribute-id="saferpayIsBusinessLicenseEnabled" />
                <attribute attribute-id="saferpayIsSecureCardDataEnabled" />
                <attribute attribute-id="saferpayIsAutoCaptureEnabled" />
                <attribute attribute-id="saferpayTerminalId" />
                <attribute attribute-id="saferpayLogCategory" />
                <attribute attribute-id="saferpayCustomerId" />
                <attribute attribute-id="saferpaySecurityLevel" />
                <attribute attribute-id="saferpayAllowedPaymentMethods" />
                <attribute attribute-id="saferpayAllowedWallets" />
                <attribute attribute-id="saferpayConfigSet" />
                <attribute attribute-id="saferpayCssUrl" />
                <attribute attribute-id="saferpayScdCssUrl" />
                <attribute attribute-id="saferpayDescriptionPrefixPaymentPage"/>
            </attribute-group>
        </group-definitions>
    </type-extension>

    <custom-type type-id="Refund">
        <staging-mode>no-staging</staging-mode>
        <storage-scope>site</storage-scope>
        <key-definition attribute-id="id">
            <type>string</type>
            <min-length>0</min-length>
        </key-definition>
        <attribute-definitions>
            <attribute-definition attribute-id="amount">
                <type>double</type>
                <localizable-flag>false</localizable-flag>
                <mandatory-flag>false</mandatory-flag>
                <externally-managed-flag>true</externally-managed-flag>
            </attribute-definition>
            <attribute-definition attribute-id="currencyCode">
                <type>string</type>
                <localizable-flag>false</localizable-flag>
                <mandatory-flag>false</mandatory-flag>
                <externally-managed-flag>true</externally-managed-flag>
                <min-length>0</min-length>
            </attribute-definition>
            <attribute-definition attribute-id="date">
                <type>datetime</type>
                <localizable-flag>false</localizable-flag>
                <mandatory-flag>false</mandatory-flag>
                <externally-managed-flag>true</externally-managed-flag>
            </attribute-definition>
            <attribute-definition attribute-id="orderId">
                <type>string</type>
                <localizable-flag>false</localizable-flag>
                <mandatory-flag>false</mandatory-flag>
                <externally-managed-flag>true</externally-managed-flag>
                <min-length>0</min-length>
            </attribute-definition>
            <attribute-definition attribute-id="status">
                <type>enum-of-string</type>
                <localizable-flag>false</localizable-flag>
                <mandatory-flag>false</mandatory-flag>
                <externally-managed-flag>true</externally-managed-flag>
                <value-definitions>
                    <value-definition>
                        <value>REFUNDED</value>
                    </value-definition>
                    <value-definition>
                        <value>FAILED</value>
                    </value-definition>
                    <value-definition default="true">
                        <value>PENDING</value>
                    </value-definition>
                </value-definitions>
            </attribute-definition>
            <attribute-definition attribute-id="transactionId">
                <type>string</type>
                <localizable-flag>false</localizable-flag>
                <mandatory-flag>false</mandatory-flag>
                <externally-managed-flag>true</externally-managed-flag>
                <min-length>0</min-length>
            </attribute-definition>
        </attribute-definitions>
        <group-definitions>
            <attribute-group group-id="refundData">
                <attribute attribute-id="date"/>
                <attribute attribute-id="orderId"/>
                <attribute attribute-id="status"/>
                <attribute attribute-id="amount"/>
                <attribute attribute-id="id"/>
                <attribute attribute-id="currencyCode"/>
                <attribute attribute-id="transactionId"/>
            </attribute-group>
        </group-definitions>
    </custom-type>
</metadata>
