<?xml version="1.0" encoding="ISO-8859-1" ?>
<!-- =============================================================== -->
<!-- ==  CSC EXTENSIONS     		                              == -->
<!-- =============================================================== -->
<extensions xmlns="http://www.demandware.com/xml/bmmodules/2007-12-11" xmlns:xsi="http://www.w3.org/2001/XMLSchema-instance" xsi:schemaLocation="http://www.demandware.com/xml/bmmodules/2007-12-11 bmext.xsd">
    <menuitem id="order" site="true" type="CSC">
        <name xml:lang="x-default" >CSC Order</name>
        <short_description xml:lang="x-default">Customer Service Center Order</short_description>
        <description xml:lang="x-default">Customer Service Center Order</description>
    </menuitem>
    <menuaction id="order_payment_refund" menupath="order" type="CSC" site="true" position="1">
        <name xml:lang="x-default">Refund payment</name>
        <short_description xml:lang="x-default">Refund payment</short_description>
        <description xml:lang="x-default">Refund payment</description>
        <exec pipeline="CSCOrderPaymentRefund" node="Start"/>
        <sub-pipelines>
            <pipeline name="CSCOrderPaymentRefund" />
        </sub-pipelines>
        <parameters>
            <parameter name="order_no" value="/order_no"/>
        </parameters>
        <icon>check_address.png</icon>
    </menuaction>
    <menuaction id="order_payment_capture" menupath="order" type="CSC" site="true" position="1">
        <name xml:lang="x-default">Capture payment</name>
        <short_description xml:lang="x-default">Capture payment</short_description>
        <description xml:lang="x-default">Capture payment</description>
        <exec pipeline="CSCOrderPaymentCapture" node="Start"/>
        <sub-pipelines>
            <pipeline name="CSCOrderPaymentCapture" />
        </sub-pipelines>
        <parameters>
            <parameter name="order_no" value="/order_no"/>
        </parameters>
        <icon>check_address.png</icon>
    </menuaction>
    <menuaction id="order_payment_cancel" menupath="order" type="CSC" site="true" position="1">
        <name xml:lang="x-default">Cancel payment</name>
        <short_description xml:lang="x-default">Cancel payment</short_description>
        <description xml:lang="x-default">Cancel payment</description>
        <exec pipeline="CSCOrderPaymentCancel" node="Start"/>
        <sub-pipelines>
            <pipeline name="CSCOrderPaymentCancel" />
        </sub-pipelines>
        <parameters>
            <parameter name="order_no" value="/order_no"/>
        </parameters>
        <icon>check_address.png</icon>
    </menuaction>
</extensions>
