<?xml version="1.0" encoding="UTF-8"?>
<jobs xmlns="http://www.demandware.com/xml/impex/jobs/2015-07-01">

    <job job-id="Saferpay - Check created orders" priority="0">
        <description/>
        <parameters/>
        <flow>
            <context site-id="RefArch"/>
            <step step-id="FailExpiredOrders" type="custom.CSComponents.FailExpiredOrders" enforce-restart="false">
                <description/>
                <parameters>
                    <parameter name="ExpireAfterHours">1</parameter>
                </parameters>
            </step>
        </flow>
        <rules/>
        <triggers>
            <run-once enabled="true">
                <date>2019-08-05Z</date>
                <time>12:35:21.000Z</time>
            </run-once>
        </triggers>
    </job>

</jobs>
