<?xml version="1.0" encoding="UTF-8"?>
<payment-settings xmlns="http://www.demandware.com/xml/impex/paymentsettings/2009-09-15">

    <payment-method method-id="BANCONTACT">
        <name xml:lang="x-default">Bancontact</name>
        <enabled-flag>true</enabled-flag>
        <processor-id>SAFERPAY_ECOM_DEFAULT</processor-id>
    </payment-method>

    <payment-method method-id="MASTERCARD">
        <name xml:lang="x-default">MasterCard</name>
        <enabled-flag>true</enabled-flag>
        <processor-id>SAFERPAY_ECOM_DEFAULT</processor-id>
    </payment-method>

    <payment-method method-id="VISA">
        <name xml:lang="x-default">Visa</name>
        <enabled-flag>true</enabled-flag>
        <processor-id>SAFERPAY_ECOM_DEFAULT</processor-id>
    </payment-method>

    <payment-method method-id="PAYPAL">
        <name xml:lang="x-default">PayPal</name>
        <description xml:lang="x-default">PayPal</description>
        <enabled-flag>true</enabled-flag>
        <processor-id>SAFERPAY_ECOM_DEFAULT</processor-id>
    </payment-method>

    <payment-method method-id="AMEX">
        <name xml:lang="x-default">American Express</name>
        <enabled-flag>true</enabled-flag>
        <processor-id>SAFERPAY_ECOM_DEFAULT</processor-id>
    </payment-method>

    <payment-method method-id="BONUS">
        <name xml:lang="x-default">Bonus</name>
        <enabled-flag>true</enabled-flag>
        <processor-id>SAFERPAY_ECOM_DEFAULT</processor-id>
    </payment-method>

    <payment-method method-id="DINERS">
        <name xml:lang="x-default">Diners Card</name>
        <enabled-flag>true</enabled-flag>
        <processor-id>SAFERPAY_ECOM_DEFAULT</processor-id>
    </payment-method>

    <payment-method method-id="IDEAL">
        <name xml:lang="x-default">iDeal</name>
        <enabled-flag>true</enabled-flag>
        <processor-id>SAFERPAY_ECOM_DEFAULT</processor-id>
    </payment-method>

    <payment-method method-id="ALIPAY">
        <name xml:lang="x-default">Alipay</name>
        <enabled-flag>true</enabled-flag>
        <processor-id>SAFERPAY_ECOM_DEFAULT</processor-id>
    </payment-method>

    <payment-method method-id="TWINT">
        <name xml:lang="x-default">Twint</name>
        <enabled-flag>true</enabled-flag>
        <processor-id>SAFERPAY_ECOM_DEFAULT</processor-id>
    </payment-method>

</payment-settings>
