<?xml version="1.0" encoding="UTF-8"?>
<services xmlns="http://www.demandware.com/xml/impex/services/2014-09-26">
    <service-credential service-credential-id="Saferpay">
        <url>https://test.saferpay.com/api/</url>
        <user-id>[YOUR USER ID]</user-id>
        <password encrypted="true" encryption-type="common.export">j3/7X4WQnDEZjGOPFhe76xKUePdShmVALY3pKRrjMSkMYEanft3e3yZg/s7OqhuHaI6TWp0sYjsaipndmbMcOA==</password>
    </service-credential>

    <service-profile service-profile-id="Saferpay">
        <timeout-millis>10000</timeout-millis>
        <rate-limit-enabled>false</rate-limit-enabled>
        <rate-limit-calls>0</rate-limit-calls>
        <rate-limit-millis>0</rate-limit-millis>
        <cb-enabled>false</cb-enabled>
        <cb-calls>0</cb-calls>
        <cb-millis>0</cb-millis>
    </service-profile>

    <service service-id="Saferpay.AssertPayment">
        <service-type>HTTP</service-type>
        <enabled>true</enabled>
        <log-prefix>Saferpay_AssertPayment</log-prefix>
        <comm-log-enabled>true</comm-log-enabled>
        <force-prd-enabled>true</force-prd-enabled>
        <mock-mode-enabled>false</mock-mode-enabled>
        <profile-id>Saferpay</profile-id>
        <credential-id>Saferpay</credential-id>
    </service>

    <service service-id="Saferpay.AuthorizeTransaction">
        <service-type>HTTP</service-type>
        <enabled>true</enabled>
        <log-prefix>Saferpay_AuthorizeTransac</log-prefix>
        <comm-log-enabled>false</comm-log-enabled>
        <force-prd-enabled>true</force-prd-enabled>
        <mock-mode-enabled>false</mock-mode-enabled>
        <profile-id>Saferpay</profile-id>
        <credential-id>Saferpay</credential-id>
    </service>

    <service service-id="Saferpay.CancelTransaction">
        <service-type>HTTP</service-type>
        <enabled>true</enabled>
        <log-prefix>Saferpay_CancelTransactio</log-prefix>
        <comm-log-enabled>true</comm-log-enabled>
        <force-prd-enabled>true</force-prd-enabled>
        <mock-mode-enabled>false</mock-mode-enabled>
        <profile-id>Saferpay</profile-id>
        <credential-id>Saferpay</credential-id>
    </service>

    <service service-id="Saferpay.CaptureTransaction">
        <service-type>HTTP</service-type>
        <enabled>true</enabled>
        <log-prefix>Saferpay_CaptureTransacti</log-prefix>
        <comm-log-enabled>true</comm-log-enabled>
        <force-prd-enabled>true</force-prd-enabled>
        <mock-mode-enabled>false</mock-mode-enabled>
        <profile-id>Saferpay</profile-id>
        <credential-id>Saferpay</credential-id>
    </service>

    <service service-id="Saferpay.InitializePayment">
        <service-type>HTTP</service-type>
        <enabled>true</enabled>
        <log-prefix>Saferpay_IntializePayment</log-prefix>
        <comm-log-enabled>true</comm-log-enabled>
        <force-prd-enabled>true</force-prd-enabled>
        <mock-mode-enabled>false</mock-mode-enabled>
        <profile-id>Saferpay</profile-id>
        <credential-id>Saferpay</credential-id>
    </service>

    <service service-id="Saferpay.InitializeTransaction">
        <service-type>HTTP</service-type>
        <enabled>true</enabled>
        <log-prefix>Saferpay_InitializeTransa</log-prefix>
        <comm-log-enabled>false</comm-log-enabled>
        <force-prd-enabled>true</force-prd-enabled>
        <mock-mode-enabled>false</mock-mode-enabled>
        <profile-id>Saferpay</profile-id>
        <credential-id>Saferpay</credential-id>
    </service>

    <service service-id="Saferpay.InquireTransaction">
        <service-type>HTTP</service-type>
        <enabled>true</enabled>
        <log-prefix>Saferpay_InquireTransacti</log-prefix>
        <comm-log-enabled>false</comm-log-enabled>
        <force-prd-enabled>true</force-prd-enabled>
        <mock-mode-enabled>false</mock-mode-enabled>
        <profile-id>Saferpay</profile-id>
        <credential-id>Saferpay</credential-id>
    </service>

    <service service-id="Saferpay.RefundTransaction">
        <service-type>HTTP</service-type>
        <enabled>true</enabled>
        <log-prefix>Saferpay_RefundTransactio</log-prefix>
        <comm-log-enabled>false</comm-log-enabled>
        <force-prd-enabled>true</force-prd-enabled>
        <mock-mode-enabled>false</mock-mode-enabled>
        <profile-id>Saferpay</profile-id>
        <credential-id>Saferpay</credential-id>
    </service>

    <service service-id="Saferpay.AliasAssert">
        <service-type>HTTP</service-type>
        <enabled>true</enabled>
        <log-prefix>Saferpay_AliasAssert</log-prefix>
        <comm-log-enabled>false</comm-log-enabled>
        <force-prd-enabled>true</force-prd-enabled>
        <mock-mode-enabled>false</mock-mode-enabled>
        <profile-id>Saferpay</profile-id>
        <credential-id>Saferpay</credential-id>
    </service>

    <service service-id="Saferpay.AliasInsert">
        <service-type>HTTP</service-type>
        <enabled>true</enabled>
        <log-prefix>Saferpay_AliasInsert</log-prefix>
        <comm-log-enabled>false</comm-log-enabled>
        <force-prd-enabled>true</force-prd-enabled>
        <mock-mode-enabled>false</mock-mode-enabled>
        <profile-id>Saferpay</profile-id>
        <credential-id>Saferpay</credential-id>
    </service>

    <service service-id="Saferpay.AliasUpdate">
        <service-type>HTTP</service-type>
        <enabled>true</enabled>
        <log-prefix>Saferpay_RefundTransactio</log-prefix>
        <comm-log-enabled>false</comm-log-enabled>
        <force-prd-enabled>true</force-prd-enabled>
        <mock-mode-enabled>false</mock-mode-enabled>
        <profile-id>Saferpay</profile-id>
        <credential-id>Saferpay</credential-id>
    </service>

    <service service-id="Saferpay.AliasDelete">
        <service-type>HTTP</service-type>
        <enabled>true</enabled>
        <log-prefix>Saferpay_AliasDelete</log-prefix>
        <comm-log-enabled>false</comm-log-enabled>
        <force-prd-enabled>true</force-prd-enabled>
        <mock-mode-enabled>false</mock-mode-enabled>
        <profile-id>Saferpay</profile-id>
        <credential-id>Saferpay</credential-id>
    </service>

</services>
